{"cameraMode":{"drawMode":0,"name":"Shaded","section":"Shading Mode"},"sceneLighting":true,"audioPlay":false,"sceneViewState":{"m_AlwaysRefresh":false,"showFog":true,"showSkybox":false,"showFlares":true,"showImageEffects":true,"showParticleSystems":true,"showVisualEffectGraphs":true,"m_FxEnabled":true},"in2DMode":false,"pivot":{"x":2.732280731201172,"y":-3.4881420135498049,"z":-6.5597686767578129},"rotation":{"x":-0.23142732679843903,"y":-0.10781491547822952,"z":0.025325626134872438,"w":-0.967198371887207},"size":21.664125442504884,"orthographic":false}